{
  "info": {
    "name": "Document API Testing",
    "_postman_id": "doc-api-20250522194820",
    "description": "Collection for testing Document CRUD and custom endpoints",
    "schema": "https://schema.getpostman.com/json/collection/v2.1.0/collection.json"
  },
  "item": [
    {
      "name": "1 - Create Document",
      "request": {
        "method": "POST",
        "header": [
          {
            "key": "Authorization",
            "value": "Bearer {{token}}"
          },
          {
            "key": "Content-Type",
            "value": "multipart/form-data"
          }
        ],
        "body": {
          "mode": "formdata",
          "formdata": [
            {
              "key": "file",
              "type": "file",
              "src": ""
            },
            {
              "key": "document_type_name",
              "value": "License",
              "type": "text"
            },
            {
              "key": "expiry_date",
              "value": "2025-12-31",
              "type": "text"
            },
            {
              "key": "car",
              "value": "",
              "type": "text",
              "disabled": true
            }
          ]
        },
        "url": {
          "raw": "{{base_url}}/api/documents/",
          "host": [
            "{{base_url}}"
          ],
          "path": [
            "api",
            "documents"
          ]
        }
      }
    },
    {
      "name": "2 - Get All Documents",
      "request": {
        "method": "GET",
        "header": [
          {
            "key": "Authorization",
            "value": "Bearer {{token}}"
          }
        ],
        "url": {
          "raw": "{{base_url}}/api/documents/",
          "host": [
            "{{base_url}}"
          ],
          "path": [
            "api",
            "documents"
          ]
        }
      }
    },
    {
      "name": "3 - Get Document by ID",
      "request": {
        "method": "GET",
        "header": [
          {
            "key": "Authorization",
            "value": "Bearer {{token}}"
          }
        ],
        "url": {
          "raw": "{{base_url}}/api/documents/1/",
          "host": [
            "{{base_url}}"
          ],
          "path": [
            "api",
            "documents",
            "1"
          ]
        }
      }
    },
    {
      "name": "4 - Update Document",
      "request": {
        "method": "PUT",
        "header": [
          {
            "key": "Authorization",
            "value": "Bearer {{token}}"
          },
          {
            "key": "Content-Type",
            "value": "application/json"
          }
        ],
        "body": {
          "mode": "raw",
          "raw": "{\n  \"expiry_date\": \"2026-01-01\"\n}"
        },
        "url": {
          "raw": "{{base_url}}/api/documents/1/",
          "host": [
            "{{base_url}}"
          ],
          "path": [
            "api",
            "documents",
            "1"
          ]
        }
      }
    },
    {
      "name": "5 - Delete Document",
      "request": {
        "method": "DELETE",
        "header": [
          {
            "key": "Authorization",
            "value": "Bearer {{token}}"
          }
        ],
        "url": {
          "raw": "{{base_url}}/api/documents/1/",
          "host": [
            "{{base_url}}"
          ],
          "path": [
            "api",
            "documents",
            "1"
          ]
        }
      }
    },
    {
      "name": "6 - My Pending or Rejected",
      "request": {
        "method": "GET",
        "header": [
          {
            "key": "Authorization",
            "value": "Bearer {{token}}"
          }
        ],
        "url": {
          "raw": "{{base_url}}/api/documents/my/pending-rejected/",
          "host": [
            "{{base_url}}"
          ],
          "path": [
            "api",
            "documents",
            "my",
            "pending-rejected"
          ]
        }
      }
    }
  ],
  "variable": [
    {
      "key": "base_url",
      "value": "http://localhost:8000"
    },
    {
      "key": "token",
      "value": "<your_token_here>"
    }
  ]
}